item	 corpus-hits	 sents-normed 	 range(%)
_PART	64	0.4462171052631579	100
_CCONJ	85	0.6278265107212475	100
_PUNCT	423	2.9796479044834308	100
_DET	55	0.3703825536062378	100
_SCONJ	67	0.4689510233918129	100
